Lebendgeburten in Wien gemeldeter Personen  nach Geschlecht des Kindes und Alter der Mutter |Life birth of residents in Vienna  by sex of child and age of mother;;;;;;;;;
NUTS1;NUTS2;NUTS3;DISTRICT_CODE;SUB_DISTRICT_CODE;SEX;AGE;LIVEBIRTH;REF_YEAR
AT1;AT13;AT130;.;.;2;14;4;2002
AT1;AT13;AT130;.;.;2;15;17;2002
AT1;AT13;AT130;.;.;2;16;37;2002
AT1;AT13;AT130;.;.;2;17;73;2002
AT1;AT13;AT130;.;.;2;18;120;2002
AT1;AT13;AT130;.;.;2;19;169;2002
AT1;AT13;AT130;.;.;2;20;254;2002
AT1;AT13;AT130;.;.;2;21;296;2002
AT1;AT13;AT130;.;.;2;22;310;2002
AT1;AT13;AT130;.;.;2;23;343;2002
AT1;AT13;AT130;.;.;2;24;343;2002
AT1;AT13;AT130;.;.;2;25;381;2002
AT1;AT13;AT130;.;.;2;26;420;2002
AT1;AT13;AT130;.;.;2;27;466;2002
AT1;AT13;AT130;.;.;2;28;533;2002
AT1;AT13;AT130;.;.;2;29;512;2002
AT1;AT13;AT130;.;.;2;30;514;2002
AT1;AT13;AT130;.;.;2;31;502;2002
AT1;AT13;AT130;.;.;2;32;502;2002
AT1;AT13;AT130;.;.;2;33;469;2002
AT1;AT13;AT130;.;.;2;34;398;2002
AT1;AT13;AT130;.;.;2;35;352;2002
AT1;AT13;AT130;.;.;2;36;303;2002
AT1;AT13;AT130;.;.;2;37;238;2002
AT1;AT13;AT130;.;.;2;38;177;2002
AT1;AT13;AT130;.;.;2;39;142;2002
AT1;AT13;AT130;.;.;2;40;93;2002
AT1;AT13;AT130;.;.;2;41;62;2002
AT1;AT13;AT130;.;.;2;42;40;2002
AT1;AT13;AT130;.;.;2;43;26;2002
AT1;AT13;AT130;.;.;2;44;7;2002
AT1;AT13;AT130;.;.;2;45;10;2002
AT1;AT13;AT130;.;.;2;46;2;2002
AT1;AT13;AT130;.;.;2;47;2;2002
AT1;AT13;AT130;.;.;1;14;1;2002
AT1;AT13;AT130;.;.;1;15;12;2002
AT1;AT13;AT130;.;.;1;16;43;2002
AT1;AT13;AT130;.;.;1;17;62;2002
AT1;AT13;AT130;.;.;1;18;115;2002
AT1;AT13;AT130;.;.;1;19;199;2002
AT1;AT13;AT130;.;.;1;20;219;2002
AT1;AT13;AT130;.;.;1;21;267;2002
AT1;AT13;AT130;.;.;1;22;309;2002
AT1;AT13;AT130;.;.;1;23;350;2002
AT1;AT13;AT130;.;.;1;24;393;2002
AT1;AT13;AT130;.;.;1;25;450;2002
AT1;AT13;AT130;.;.;1;26;408;2002
AT1;AT13;AT130;.;.;1;27;468;2002
AT1;AT13;AT130;.;.;1;28;498;2002
AT1;AT13;AT130;.;.;1;29;525;2002
AT1;AT13;AT130;.;.;1;30;548;2002
AT1;AT13;AT130;.;.;1;31;526;2002
AT1;AT13;AT130;.;.;1;32;522;2002
AT1;AT13;AT130;.;.;1;33;503;2002
AT1;AT13;AT130;.;.;1;34;440;2002
AT1;AT13;AT130;.;.;1;35;356;2002
AT1;AT13;AT130;.;.;1;36;272;2002
AT1;AT13;AT130;.;.;1;37;228;2002
AT1;AT13;AT130;.;.;1;38;204;2002
AT1;AT13;AT130;.;.;1;39;134;2002
AT1;AT13;AT130;.;.;1;40;108;2002
AT1;AT13;AT130;.;.;1;41;62;2002
AT1;AT13;AT130;.;.;1;42;41;2002
AT1;AT13;AT130;.;.;1;43;20;2002
AT1;AT13;AT130;.;.;1;44;14;2002
AT1;AT13;AT130;.;.;1;45;4;2002
AT1;AT13;AT130;.;.;1;46;5;2002
AT1;AT13;AT130;.;.;1;47;3;2002
AT1;AT13;AT130;.;.;1;48;1;2002
AT1;AT13;AT130;.;.;1;52;1;2002
AT1;AT13;AT130;.;.;2;14;3;2003
AT1;AT13;AT130;.;.;2;15;8;2003
AT1;AT13;AT130;.;.;2;16;42;2003
AT1;AT13;AT130;.;.;2;17;56;2003
AT1;AT13;AT130;.;.;2;18;104;2003
AT1;AT13;AT130;.;.;2;19;189;2003
AT1;AT13;AT130;.;.;2;20;234;2003
AT1;AT13;AT130;.;.;2;21;285;2003
AT1;AT13;AT130;.;.;2;22;312;2003
AT1;AT13;AT130;.;.;2;23;312;2003
AT1;AT13;AT130;.;.;2;24;374;2003
AT1;AT13;AT130;.;.;2;25;390;2003
AT1;AT13;AT130;.;.;2;26;435;2003
AT1;AT13;AT130;.;.;2;27;429;2003
AT1;AT13;AT130;.;.;2;28;486;2003
AT1;AT13;AT130;.;.;2;29;471;2003
AT1;AT13;AT130;.;.;2;30;511;2003
AT1;AT13;AT130;.;.;2;31;489;2003
AT1;AT13;AT130;.;.;2;32;444;2003
AT1;AT13;AT130;.;.;2;33;430;2003
AT1;AT13;AT130;.;.;2;34;380;2003
AT1;AT13;AT130;.;.;2;35;388;2003
AT1;AT13;AT130;.;.;2;36;291;2003
AT1;AT13;AT130;.;.;2;37;248;2003
AT1;AT13;AT130;.;.;2;38;164;2003
AT1;AT13;AT130;.;.;2;39;136;2003
AT1;AT13;AT130;.;.;2;40;113;2003
AT1;AT13;AT130;.;.;2;41;72;2003
AT1;AT13;AT130;.;.;2;42;39;2003
AT1;AT13;AT130;.;.;2;43;21;2003
AT1;AT13;AT130;.;.;2;44;13;2003
AT1;AT13;AT130;.;.;2;45;5;2003
AT1;AT13;AT130;.;.;2;46;2;2003
AT1;AT13;AT130;.;.;2;49;1;2003
AT1;AT13;AT130;.;.;1;13;3;2003
AT1;AT13;AT130;.;.;1;14;3;2003
AT1;AT13;AT130;.;.;1;15;13;2003
AT1;AT13;AT130;.;.;1;16;34;2003
AT1;AT13;AT130;.;.;1;17;72;2003
AT1;AT13;AT130;.;.;1;18;125;2003
AT1;AT13;AT130;.;.;1;19;154;2003
AT1;AT13;AT130;.;.;1;20;230;2003
AT1;AT13;AT130;.;.;1;21;295;2003
AT1;AT13;AT130;.;.;1;22;339;2003
AT1;AT13;AT130;.;.;1;23;349;2003
AT1;AT13;AT130;.;.;1;24;365;2003
AT1;AT13;AT130;.;.;1;25;406;2003
AT1;AT13;AT130;.;.;1;26;469;2003
AT1;AT13;AT130;.;.;1;27;471;2003
AT1;AT13;AT130;.;.;1;28;539;2003
AT1;AT13;AT130;.;.;1;29;542;2003
AT1;AT13;AT130;.;.;1;30;546;2003
AT1;AT13;AT130;.;.;1;31;534;2003
AT1;AT13;AT130;.;.;1;32;536;2003
AT1;AT13;AT130;.;.;1;33;474;2003
AT1;AT13;AT130;.;.;1;34;424;2003
AT1;AT13;AT130;.;.;1;35;393;2003
AT1;AT13;AT130;.;.;1;36;356;2003
AT1;AT13;AT130;.;.;1;37;282;2003
AT1;AT13;AT130;.;.;1;38;214;2003
AT1;AT13;AT130;.;.;1;39;158;2003
AT1;AT13;AT130;.;.;1;40;120;2003
AT1;AT13;AT130;.;.;1;41;67;2003
AT1;AT13;AT130;.;.;1;42;44;2003
AT1;AT13;AT130;.;.;1;43;30;2003
AT1;AT13;AT130;.;.;1;44;10;2003
AT1;AT13;AT130;.;.;1;45;9;2003
AT1;AT13;AT130;.;.;1;46;1;2003
AT1;AT13;AT130;.;.;1;48;1;2003
AT1;AT13;AT130;.;.;1;49;1;2003
AT1;AT13;AT130;.;.;2;14;3;2004
AT1;AT13;AT130;.;.;2;15;15;2004
AT1;AT13;AT130;.;.;2;16;37;2004
AT1;AT13;AT130;.;.;2;17;70;2004
AT1;AT13;AT130;.;.;2;18;116;2004
AT1;AT13;AT130;.;.;2;19;197;2004
AT1;AT13;AT130;.;.;2;20;227;2004
AT1;AT13;AT130;.;.;2;21;280;2004
AT1;AT13;AT130;.;.;2;22;314;2004
AT1;AT13;AT130;.;.;2;23;339;2004
AT1;AT13;AT130;.;.;2;24;374;2004
AT1;AT13;AT130;.;.;2;25;401;2004
AT1;AT13;AT130;.;.;2;26;433;2004
AT1;AT13;AT130;.;.;2;27;440;2004
AT1;AT13;AT130;.;.;2;28;473;2004
AT1;AT13;AT130;.;.;2;29;486;2004
AT1;AT13;AT130;.;.;2;30;503;2004
AT1;AT13;AT130;.;.;2;31;510;2004
AT1;AT13;AT130;.;.;2;32;494;2004
AT1;AT13;AT130;.;.;2;33;438;2004
AT1;AT13;AT130;.;.;2;34;419;2004
AT1;AT13;AT130;.;.;2;35;372;2004
AT1;AT13;AT130;.;.;2;36;302;2004
AT1;AT13;AT130;.;.;2;37;234;2004
AT1;AT13;AT130;.;.;2;38;196;2004
AT1;AT13;AT130;.;.;2;39;177;2004
AT1;AT13;AT130;.;.;2;40;104;2004
AT1;AT13;AT130;.;.;2;41;63;2004
AT1;AT13;AT130;.;.;2;42;47;2004
AT1;AT13;AT130;.;.;2;43;20;2004
AT1;AT13;AT130;.;.;2;44;14;2004
AT1;AT13;AT130;.;.;2;45;7;2004
AT1;AT13;AT130;.;.;2;46;6;2004
AT1;AT13;AT130;.;.;2;47;1;2004
AT1;AT13;AT130;.;.;2;48;1;2004
AT1;AT13;AT130;.;.;2;49;1;2004
AT1;AT13;AT130;.;.;2;50;1;2004
AT1;AT13;AT130;.;.;2;54;1;2004
AT1;AT13;AT130;.;.;1;13;1;2004
AT1;AT13;AT130;.;.;1;14;4;2004
AT1;AT13;AT130;.;.;1;15;17;2004
AT1;AT13;AT130;.;.;1;16;32;2004
AT1;AT13;AT130;.;.;1;17;68;2004
AT1;AT13;AT130;.;.;1;18;131;2004
AT1;AT13;AT130;.;.;1;19;204;2004
AT1;AT13;AT130;.;.;1;20;260;2004
AT1;AT13;AT130;.;.;1;21;302;2004
AT1;AT13;AT130;.;.;1;22;359;2004
AT1;AT13;AT130;.;.;1;23;378;2004
AT1;AT13;AT130;.;.;1;24;414;2004
AT1;AT13;AT130;.;.;1;25;438;2004
AT1;AT13;AT130;.;.;1;26;413;2004
AT1;AT13;AT130;.;.;1;27;504;2004
AT1;AT13;AT130;.;.;1;28;488;2004
AT1;AT13;AT130;.;.;1;29;516;2004
AT1;AT13;AT130;.;.;1;30;558;2004
AT1;AT13;AT130;.;.;1;31;562;2004
AT1;AT13;AT130;.;.;1;32;478;2004
AT1;AT13;AT130;.;.;1;33;484;2004
AT1;AT13;AT130;.;.;1;34;434;2004
AT1;AT13;AT130;.;.;1;35;427;2004
AT1;AT13;AT130;.;.;1;36;356;2004
AT1;AT13;AT130;.;.;1;37;274;2004
AT1;AT13;AT130;.;.;1;38;204;2004
AT1;AT13;AT130;.;.;1;39;161;2004
AT1;AT13;AT130;.;.;1;40;98;2004
AT1;AT13;AT130;.;.;1;41;72;2004
AT1;AT13;AT130;.;.;1;42;61;2004
AT1;AT13;AT130;.;.;1;43;20;2004
AT1;AT13;AT130;.;.;1;44;10;2004
AT1;AT13;AT130;.;.;1;45;5;2004
AT1;AT13;AT130;.;.;1;46;4;2004
AT1;AT13;AT130;.;.;1;47;2;2004
AT1;AT13;AT130;.;.;1;48;1;2004
AT1;AT13;AT130;.;.;2;14;1;2005
AT1;AT13;AT130;.;.;2;15;12;2005
AT1;AT13;AT130;.;.;2;16;28;2005
AT1;AT13;AT130;.;.;2;17;58;2005
AT1;AT13;AT130;.;.;2;18;130;2005
AT1;AT13;AT130;.;.;2;19;168;2005
AT1;AT13;AT130;.;.;2;20;234;2005
AT1;AT13;AT130;.;.;2;21;275;2005
AT1;AT13;AT130;.;.;2;22;281;2005
AT1;AT13;AT130;.;.;2;23;372;2005
AT1;AT13;AT130;.;.;2;24;426;2005
AT1;AT13;AT130;.;.;2;25;440;2005
AT1;AT13;AT130;.;.;2;26;441;2005
AT1;AT13;AT130;.;.;2;27;424;2005
AT1;AT13;AT130;.;.;2;28;440;2005
AT1;AT13;AT130;.;.;2;29;484;2005
AT1;AT13;AT130;.;.;2;30;524;2005
AT1;AT13;AT130;.;.;2;31;521;2005
AT1;AT13;AT130;.;.;2;32;452;2005
AT1;AT13;AT130;.;.;2;33;427;2005
AT1;AT13;AT130;.;.;2;34;419;2005
AT1;AT13;AT130;.;.;2;35;363;2005
AT1;AT13;AT130;.;.;2;36;349;2005
AT1;AT13;AT130;.;.;2;37;256;2005
AT1;AT13;AT130;.;.;2;38;212;2005
AT1;AT13;AT130;.;.;2;39;152;2005
AT1;AT13;AT130;.;.;2;40;120;2005
AT1;AT13;AT130;.;.;2;41;79;2005
AT1;AT13;AT130;.;.;2;42;56;2005
AT1;AT13;AT130;.;.;2;43;23;2005
AT1;AT13;AT130;.;.;2;44;13;2005
AT1;AT13;AT130;.;.;2;45;6;2005
AT1;AT13;AT130;.;.;2;46;4;2005
AT1;AT13;AT130;.;.;2;47;2;2005
AT1;AT13;AT130;.;.;1;15;8;2005
AT1;AT13;AT130;.;.;1;16;34;2005
AT1;AT13;AT130;.;.;1;17;72;2005
AT1;AT13;AT130;.;.;1;18;137;2005
AT1;AT13;AT130;.;.;1;19;181;2005
AT1;AT13;AT130;.;.;1;20;217;2005
AT1;AT13;AT130;.;.;1;21;326;2005
AT1;AT13;AT130;.;.;1;22;303;2005
AT1;AT13;AT130;.;.;1;23;377;2005
AT1;AT13;AT130;.;.;1;24;401;2005
AT1;AT13;AT130;.;.;1;25;441;2005
AT1;AT13;AT130;.;.;1;26;468;2005
AT1;AT13;AT130;.;.;1;27;451;2005
AT1;AT13;AT130;.;.;1;28;437;2005
AT1;AT13;AT130;.;.;1;29;517;2005
AT1;AT13;AT130;.;.;1;30;519;2005
AT1;AT13;AT130;.;.;1;31;499;2005
AT1;AT13;AT130;.;.;1;32;512;2005
AT1;AT13;AT130;.;.;1;33;504;2005
AT1;AT13;AT130;.;.;1;34;460;2005
AT1;AT13;AT130;.;.;1;35;388;2005
AT1;AT13;AT130;.;.;1;36;347;2005
AT1;AT13;AT130;.;.;1;37;269;2005
AT1;AT13;AT130;.;.;1;38;211;2005
AT1;AT13;AT130;.;.;1;39;168;2005
AT1;AT13;AT130;.;.;1;40;127;2005
AT1;AT13;AT130;.;.;1;41;71;2005
AT1;AT13;AT130;.;.;1;42;50;2005
AT1;AT13;AT130;.;.;1;43;30;2005
AT1;AT13;AT130;.;.;1;44;10;2005
AT1;AT13;AT130;.;.;1;45;9;2005
AT1;AT13;AT130;.;.;1;46;2;2005
AT1;AT13;AT130;.;.;1;50;1;2005
AT1;AT13;AT130;.;.;1;52;1;2005
AT1;AT13;AT130;.;.;2;14;2;2006
AT1;AT13;AT130;.;.;2;15;13;2006
AT1;AT13;AT130;.;.;2;16;27;2006
AT1;AT13;AT130;.;.;2;17;55;2006
AT1;AT13;AT130;.;.;2;18;101;2006
AT1;AT13;AT130;.;.;2;19;185;2006
AT1;AT13;AT130;.;.;2;20;223;2006
AT1;AT13;AT130;.;.;2;21;297;2006
AT1;AT13;AT130;.;.;2;22;302;2006
AT1;AT13;AT130;.;.;2;23;323;2006
AT1;AT13;AT130;.;.;2;24;375;2006
AT1;AT13;AT130;.;.;2;25;409;2006
AT1;AT13;AT130;.;.;2;26;421;2006
AT1;AT13;AT130;.;.;2;27;489;2006
AT1;AT13;AT130;.;.;2;28;488;2006
AT1;AT13;AT130;.;.;2;29;496;2006
AT1;AT13;AT130;.;.;2;30;517;2006
AT1;AT13;AT130;.;.;2;31;511;2006
AT1;AT13;AT130;.;.;2;32;540;2006
AT1;AT13;AT130;.;.;2;33;485;2006
AT1;AT13;AT130;.;.;2;34;424;2006
AT1;AT13;AT130;.;.;2;35;391;2006
AT1;AT13;AT130;.;.;2;36;303;2006
AT1;AT13;AT130;.;.;2;37;264;2006
AT1;AT13;AT130;.;.;2;38;240;2006
AT1;AT13;AT130;.;.;2;39;185;2006
AT1;AT13;AT130;.;.;2;40;119;2006
AT1;AT13;AT130;.;.;2;41;98;2006
AT1;AT13;AT130;.;.;2;42;52;2006
AT1;AT13;AT130;.;.;2;43;27;2006
AT1;AT13;AT130;.;.;2;44;17;2006
AT1;AT13;AT130;.;.;2;45;10;2006
AT1;AT13;AT130;.;.;2;46;4;2006
AT1;AT13;AT130;.;.;2;47;2;2006
AT1;AT13;AT130;.;.;2;48;1;2006
AT1;AT13;AT130;.;.;1;13;2;2006
AT1;AT13;AT130;.;.;1;14;5;2006
AT1;AT13;AT130;.;.;1;15;9;2006
AT1;AT13;AT130;.;.;1;16;27;2006
AT1;AT13;AT130;.;.;1;17;64;2006
AT1;AT13;AT130;.;.;1;18;113;2006
AT1;AT13;AT130;.;.;1;19;197;2006
AT1;AT13;AT130;.;.;1;20;265;2006
AT1;AT13;AT130;.;.;1;21;270;2006
AT1;AT13;AT130;.;.;1;22;308;2006
AT1;AT13;AT130;.;.;1;23;366;2006
AT1;AT13;AT130;.;.;1;24;416;2006
AT1;AT13;AT130;.;.;1;25;423;2006
AT1;AT13;AT130;.;.;1;26;404;2006
AT1;AT13;AT130;.;.;1;27;470;2006
AT1;AT13;AT130;.;.;1;28;509;2006
AT1;AT13;AT130;.;.;1;29;508;2006
AT1;AT13;AT130;.;.;1;30;483;2006
AT1;AT13;AT130;.;.;1;31;549;2006
AT1;AT13;AT130;.;.;1;32;604;2006
AT1;AT13;AT130;.;.;1;33;499;2006
AT1;AT13;AT130;.;.;1;34;485;2006
AT1;AT13;AT130;.;.;1;35;402;2006
AT1;AT13;AT130;.;.;1;36;344;2006
AT1;AT13;AT130;.;.;1;37;306;2006
AT1;AT13;AT130;.;.;1;38;223;2006
AT1;AT13;AT130;.;.;1;39;141;2006
AT1;AT13;AT130;.;.;1;40;129;2006
AT1;AT13;AT130;.;.;1;41;84;2006
AT1;AT13;AT130;.;.;1;42;53;2006
AT1;AT13;AT130;.;.;1;43;36;2006
AT1;AT13;AT130;.;.;1;44;12;2006
AT1;AT13;AT130;.;.;1;45;6;2006
AT1;AT13;AT130;.;.;1;46;2;2006
AT1;AT13;AT130;.;.;1;47;1;2006
AT1;AT13;AT130;.;.;1;50;1;2006
AT1;AT13;AT130;.;.;2;15;11;2007
AT1;AT13;AT130;.;.;2;16;25;2007
AT1;AT13;AT130;.;.;2;17;51;2007
AT1;AT13;AT130;.;.;2;18;87;2007
AT1;AT13;AT130;.;.;2;19;165;2007
AT1;AT13;AT130;.;.;2;20;233;2007
AT1;AT13;AT130;.;.;2;21;255;2007
AT1;AT13;AT130;.;.;2;22;299;2007
AT1;AT13;AT130;.;.;2;23;342;2007
AT1;AT13;AT130;.;.;2;24;351;2007
AT1;AT13;AT130;.;.;2;25;432;2007
AT1;AT13;AT130;.;.;2;26;449;2007
AT1;AT13;AT130;.;.;2;27;446;2007
AT1;AT13;AT130;.;.;2;28;485;2007
AT1;AT13;AT130;.;.;2;29;469;2007
AT1;AT13;AT130;.;.;2;30;491;2007
AT1;AT13;AT130;.;.;2;31;486;2007
AT1;AT13;AT130;.;.;2;32;464;2007
AT1;AT13;AT130;.;.;2;33;475;2007
AT1;AT13;AT130;.;.;2;34;448;2007
AT1;AT13;AT130;.;.;2;35;421;2007
AT1;AT13;AT130;.;.;2;36;353;2007
AT1;AT13;AT130;.;.;2;37;309;2007
AT1;AT13;AT130;.;.;2;38;210;2007
AT1;AT13;AT130;.;.;2;39;169;2007
AT1;AT13;AT130;.;.;2;40;136;2007
AT1;AT13;AT130;.;.;2;41;88;2007
AT1;AT13;AT130;.;.;2;42;57;2007
AT1;AT13;AT130;.;.;2;43;30;2007
AT1;AT13;AT130;.;.;2;44;17;2007
AT1;AT13;AT130;.;.;2;45;8;2007
AT1;AT13;AT130;.;.;2;46;5;2007
AT1;AT13;AT130;.;.;2;47;2;2007
AT1;AT13;AT130;.;.;2;52;2;2007
AT1;AT13;AT130;.;.;1;14;2;2007
AT1;AT13;AT130;.;.;1;15;14;2007
AT1;AT13;AT130;.;.;1;16;31;2007
AT1;AT13;AT130;.;.;1;17;50;2007
AT1;AT13;AT130;.;.;1;18;114;2007
AT1;AT13;AT130;.;.;1;19;197;2007
AT1;AT13;AT130;.;.;1;20;241;2007
AT1;AT13;AT130;.;.;1;21;274;2007
AT1;AT13;AT130;.;.;1;22;292;2007
AT1;AT13;AT130;.;.;1;23;379;2007
AT1;AT13;AT130;.;.;1;24;361;2007
AT1;AT13;AT130;.;.;1;25;433;2007
AT1;AT13;AT130;.;.;1;26;461;2007
AT1;AT13;AT130;.;.;1;27;491;2007
AT1;AT13;AT130;.;.;1;28;508;2007
AT1;AT13;AT130;.;.;1;29;518;2007
AT1;AT13;AT130;.;.;1;30;496;2007
AT1;AT13;AT130;.;.;1;31;528;2007
AT1;AT13;AT130;.;.;1;32;518;2007
AT1;AT13;AT130;.;.;1;33;460;2007
AT1;AT13;AT130;.;.;1;34;443;2007
AT1;AT13;AT130;.;.;1;35;391;2007
AT1;AT13;AT130;.;.;1;36;366;2007
AT1;AT13;AT130;.;.;1;37;298;2007
AT1;AT13;AT130;.;.;1;38;219;2007
AT1;AT13;AT130;.;.;1;39;207;2007
AT1;AT13;AT130;.;.;1;40;119;2007
AT1;AT13;AT130;.;.;1;41;82;2007
AT1;AT13;AT130;.;.;1;42;59;2007
AT1;AT13;AT130;.;.;1;43;26;2007
AT1;AT13;AT130;.;.;1;44;18;2007
AT1;AT13;AT130;.;.;1;45;10;2007
AT1;AT13;AT130;.;.;1;46;4;2007
AT1;AT13;AT130;.;.;1;47;1;2007
AT1;AT13;AT130;.;.;1;48;2;2007
AT1;AT13;AT130;.;.;1;50;1;2007
AT1;AT13;AT130;.;.;2;14;2;2008
AT1;AT13;AT130;.;.;2;15;13;2008
AT1;AT13;AT130;.;.;2;16;28;2008
AT1;AT13;AT130;.;.;2;17;61;2008
AT1;AT13;AT130;.;.;2;18;86;2008
AT1;AT13;AT130;.;.;2;19;153;2008
AT1;AT13;AT130;.;.;2;20;223;2008
AT1;AT13;AT130;.;.;2;21;279;2008
AT1;AT13;AT130;.;.;2;22;293;2008
AT1;AT13;AT130;.;.;2;23;338;2008
AT1;AT13;AT130;.;.;2;24;361;2008
AT1;AT13;AT130;.;.;2;25;411;2008
AT1;AT13;AT130;.;.;2;26;455;2008
AT1;AT13;AT130;.;.;2;27;477;2008
AT1;AT13;AT130;.;.;2;28;476;2008
AT1;AT13;AT130;.;.;2;29;471;2008
AT1;AT13;AT130;.;.;2;30;482;2008
AT1;AT13;AT130;.;.;2;31;518;2008
AT1;AT13;AT130;.;.;2;32;526;2008
AT1;AT13;AT130;.;.;2;33;489;2008
AT1;AT13;AT130;.;.;2;34;430;2008
AT1;AT13;AT130;.;.;2;35;388;2008
AT1;AT13;AT130;.;.;2;36;354;2008
AT1;AT13;AT130;.;.;2;37;259;2008
AT1;AT13;AT130;.;.;2;38;246;2008
AT1;AT13;AT130;.;.;2;39;179;2008
AT1;AT13;AT130;.;.;2;40;139;2008
AT1;AT13;AT130;.;.;2;41;77;2008
AT1;AT13;AT130;.;.;2;42;69;2008
AT1;AT13;AT130;.;.;2;43;39;2008
AT1;AT13;AT130;.;.;2;44;10;2008
AT1;AT13;AT130;.;.;2;45;6;2008
AT1;AT13;AT130;.;.;2;46;5;2008
AT1;AT13;AT130;.;.;2;47;7;2008
AT1;AT13;AT130;.;.;2;48;3;2008
AT1;AT13;AT130;.;.;2;49;2;2008
AT1;AT13;AT130;.;.;2;50;1;2008
AT1;AT13;AT130;.;.;2;51;1;2008
AT1;AT13;AT130;.;.;1;11;1;2008
AT1;AT13;AT130;.;.;1;14;1;2008
AT1;AT13;AT130;.;.;1;15;14;2008
AT1;AT13;AT130;.;.;1;16;32;2008
AT1;AT13;AT130;.;.;1;17;56;2008
AT1;AT13;AT130;.;.;1;18;105;2008
AT1;AT13;AT130;.;.;1;19;181;2008
AT1;AT13;AT130;.;.;1;20;252;2008
AT1;AT13;AT130;.;.;1;21;286;2008
AT1;AT13;AT130;.;.;1;22;320;2008
AT1;AT13;AT130;.;.;1;23;354;2008
AT1;AT13;AT130;.;.;1;24;420;2008
AT1;AT13;AT130;.;.;1;25;452;2008
AT1;AT13;AT130;.;.;1;26;499;2008
AT1;AT13;AT130;.;.;1;27;502;2008
AT1;AT13;AT130;.;.;1;28;511;2008
AT1;AT13;AT130;.;.;1;29;517;2008
AT1;AT13;AT130;.;.;1;30;564;2008
AT1;AT13;AT130;.;.;1;31;514;2008
AT1;AT13;AT130;.;.;1;32;466;2008
AT1;AT13;AT130;.;.;1;33;502;2008
AT1;AT13;AT130;.;.;1;34;490;2008
AT1;AT13;AT130;.;.;1;35;417;2008
AT1;AT13;AT130;.;.;1;36;360;2008
AT1;AT13;AT130;.;.;1;37;368;2008
AT1;AT13;AT130;.;.;1;38;264;2008
AT1;AT13;AT130;.;.;1;39;195;2008
AT1;AT13;AT130;.;.;1;40;148;2008
AT1;AT13;AT130;.;.;1;41;73;2008
AT1;AT13;AT130;.;.;1;42;66;2008
AT1;AT13;AT130;.;.;1;43;42;2008
AT1;AT13;AT130;.;.;1;44;27;2008
AT1;AT13;AT130;.;.;1;45;5;2008
AT1;AT13;AT130;.;.;1;46;6;2008
AT1;AT13;AT130;.;.;1;47;3;2008
AT1;AT13;AT130;.;.;1;48;1;2008
AT1;AT13;AT130;.;.;1;49;3;2008
AT1;AT13;AT130;.;.;1;51;1;2008
AT1;AT13;AT130;.;.;2;14;2;2009
AT1;AT13;AT130;.;.;2;15;4;2009
AT1;AT13;AT130;.;.;2;16;35;2009
AT1;AT13;AT130;.;.;2;17;47;2009
AT1;AT13;AT130;.;.;2;18;98;2009
AT1;AT13;AT130;.;.;2;19;170;2009
AT1;AT13;AT130;.;.;2;20;228;2009
AT1;AT13;AT130;.;.;2;21;295;2009
AT1;AT13;AT130;.;.;2;22;276;2009
AT1;AT13;AT130;.;.;2;23;311;2009
AT1;AT13;AT130;.;.;2;24;385;2009
AT1;AT13;AT130;.;.;2;25;411;2009
AT1;AT13;AT130;.;.;2;26;399;2009
AT1;AT13;AT130;.;.;2;27;475;2009
AT1;AT13;AT130;.;.;2;28;456;2009
AT1;AT13;AT130;.;.;2;29;492;2009
AT1;AT13;AT130;.;.;2;30;485;2009
AT1;AT13;AT130;.;.;2;31;505;2009
AT1;AT13;AT130;.;.;2;32;470;2009
AT1;AT13;AT130;.;.;2;33;458;2009
AT1;AT13;AT130;.;.;2;34;430;2009
AT1;AT13;AT130;.;.;2;35;418;2009
AT1;AT13;AT130;.;.;2;36;350;2009
AT1;AT13;AT130;.;.;2;37;245;2009
AT1;AT13;AT130;.;.;2;38;232;2009
AT1;AT13;AT130;.;.;2;39;178;2009
AT1;AT13;AT130;.;.;2;40;162;2009
AT1;AT13;AT130;.;.;2;41;88;2009
AT1;AT13;AT130;.;.;2;42;62;2009
AT1;AT13;AT130;.;.;2;43;37;2009
AT1;AT13;AT130;.;.;2;44;18;2009
AT1;AT13;AT130;.;.;2;45;10;2009
AT1;AT13;AT130;.;.;2;46;1;2009
AT1;AT13;AT130;.;.;2;47;4;2009
AT1;AT13;AT130;.;.;2;48;2;2009
AT1;AT13;AT130;.;.;2;49;1;2009
AT1;AT13;AT130;.;.;1;14;2;2009
AT1;AT13;AT130;.;.;1;15;17;2009
AT1;AT13;AT130;.;.;1;16;27;2009
AT1;AT13;AT130;.;.;1;17;62;2009
AT1;AT13;AT130;.;.;1;18;122;2009
AT1;AT13;AT130;.;.;1;19;179;2009
AT1;AT13;AT130;.;.;1;20;261;2009
AT1;AT13;AT130;.;.;1;21;295;2009
AT1;AT13;AT130;.;.;1;22;327;2009
AT1;AT13;AT130;.;.;1;23;326;2009
AT1;AT13;AT130;.;.;1;24;400;2009
AT1;AT13;AT130;.;.;1;25;418;2009
AT1;AT13;AT130;.;.;1;26;413;2009
AT1;AT13;AT130;.;.;1;27;495;2009
AT1;AT13;AT130;.;.;1;28;522;2009
AT1;AT13;AT130;.;.;1;29;554;2009
AT1;AT13;AT130;.;.;1;30;490;2009
AT1;AT13;AT130;.;.;1;31;546;2009
AT1;AT13;AT130;.;.;1;32;501;2009
AT1;AT13;AT130;.;.;1;33;507;2009
AT1;AT13;AT130;.;.;1;34;474;2009
AT1;AT13;AT130;.;.;1;35;404;2009
AT1;AT13;AT130;.;.;1;36;354;2009
AT1;AT13;AT130;.;.;1;37;324;2009
AT1;AT13;AT130;.;.;1;38;276;2009
AT1;AT13;AT130;.;.;1;39;197;2009
AT1;AT13;AT130;.;.;1;40;169;2009
AT1;AT13;AT130;.;.;1;41;108;2009
AT1;AT13;AT130;.;.;1;42;66;2009
AT1;AT13;AT130;.;.;1;43;40;2009
AT1;AT13;AT130;.;.;1;44;18;2009
AT1;AT13;AT130;.;.;1;45;11;2009
AT1;AT13;AT130;.;.;1;46;2;2009
AT1;AT13;AT130;.;.;1;47;4;2009
AT1;AT13;AT130;.;.;1;49;1;2009
AT1;AT13;AT130;.;.;1;50;1;2009
AT1;AT13;AT130;.;.;1;53;1;2009
AT1;AT13;AT130;.;.;2;14;3;2010
AT1;AT13;AT130;.;.;2;15;12;2010
AT1;AT13;AT130;.;.;2;16;26;2010
AT1;AT13;AT130;.;.;2;17;60;2010
AT1;AT13;AT130;.;.;2;18;87;2010
AT1;AT13;AT130;.;.;2;19;178;2010
AT1;AT13;AT130;.;.;2;20;218;2010
AT1;AT13;AT130;.;.;2;21;248;2010
AT1;AT13;AT130;.;.;2;22;311;2010
AT1;AT13;AT130;.;.;2;23;343;2010
AT1;AT13;AT130;.;.;2;24;379;2010
AT1;AT13;AT130;.;.;2;25;418;2010
AT1;AT13;AT130;.;.;2;26;464;2010
AT1;AT13;AT130;.;.;2;27;484;2010
AT1;AT13;AT130;.;.;2;28;501;2010
AT1;AT13;AT130;.;.;2;29;554;2010
AT1;AT13;AT130;.;.;2;30;507;2010
AT1;AT13;AT130;.;.;2;31;553;2010
AT1;AT13;AT130;.;.;2;32;489;2010
AT1;AT13;AT130;.;.;2;33;489;2010
AT1;AT13;AT130;.;.;2;34;498;2010
AT1;AT13;AT130;.;.;2;35;439;2010
AT1;AT13;AT130;.;.;2;36;352;2010
AT1;AT13;AT130;.;.;2;37;281;2010
AT1;AT13;AT130;.;.;2;38;257;2010
AT1;AT13;AT130;.;.;2;39;201;2010
AT1;AT13;AT130;.;.;2;40;127;2010
AT1;AT13;AT130;.;.;2;41;92;2010
AT1;AT13;AT130;.;.;2;42;63;2010
AT1;AT13;AT130;.;.;2;43;32;2010
AT1;AT13;AT130;.;.;2;44;24;2010
AT1;AT13;AT130;.;.;2;45;6;2010
AT1;AT13;AT130;.;.;2;46;7;2010
AT1;AT13;AT130;.;.;2;47;2;2010
AT1;AT13;AT130;.;.;2;49;3;2010
AT1;AT13;AT130;.;.;2;52;1;2010
AT1;AT13;AT130;.;.;1;14;6;2010
AT1;AT13;AT130;.;.;1;15;13;2010
AT1;AT13;AT130;.;.;1;16;24;2010
AT1;AT13;AT130;.;.;1;17;61;2010
AT1;AT13;AT130;.;.;1;18;100;2010
AT1;AT13;AT130;.;.;1;19;177;2010
AT1;AT13;AT130;.;.;1;20;213;2010
AT1;AT13;AT130;.;.;1;21;317;2010
AT1;AT13;AT130;.;.;1;22;342;2010
AT1;AT13;AT130;.;.;1;23;386;2010
AT1;AT13;AT130;.;.;1;24;388;2010
AT1;AT13;AT130;.;.;1;25;417;2010
AT1;AT13;AT130;.;.;1;26;455;2010
AT1;AT13;AT130;.;.;1;27;488;2010
AT1;AT13;AT130;.;.;1;28;530;2010
AT1;AT13;AT130;.;.;1;29;589;2010
AT1;AT13;AT130;.;.;1;30;592;2010
AT1;AT13;AT130;.;.;1;31;567;2010
AT1;AT13;AT130;.;.;1;32;566;2010
AT1;AT13;AT130;.;.;1;33;469;2010
AT1;AT13;AT130;.;.;1;34;497;2010
AT1;AT13;AT130;.;.;1;35;425;2010
AT1;AT13;AT130;.;.;1;36;379;2010
AT1;AT13;AT130;.;.;1;37;357;2010
AT1;AT13;AT130;.;.;1;38;287;2010
AT1;AT13;AT130;.;.;1;39;216;2010
AT1;AT13;AT130;.;.;1;40;154;2010
AT1;AT13;AT130;.;.;1;41;111;2010
AT1;AT13;AT130;.;.;1;42;76;2010
AT1;AT13;AT130;.;.;1;43;35;2010
AT1;AT13;AT130;.;.;1;44;19;2010
AT1;AT13;AT130;.;.;1;45;9;2010
AT1;AT13;AT130;.;.;1;46;4;2010
AT1;AT13;AT130;.;.;1;47;3;2010
AT1;AT13;AT130;.;.;1;49;1;2010
AT1;AT13;AT130;.;.;1;50;3;2010
AT1;AT13;AT130;.;.;1;51;3;2010
AT1;AT13;AT130;.;.;1;52;1;2010
AT1;AT13;AT130;.;.;2;13;1;2011
AT1;AT13;AT130;.;.;2;14;1;2011
AT1;AT13;AT130;.;.;2;15;5;2011
AT1;AT13;AT130;.;.;2;16;26;2011
AT1;AT13;AT130;.;.;2;17;50;2011
AT1;AT13;AT130;.;.;2;18;97;2011
AT1;AT13;AT130;.;.;2;19;126;2011
AT1;AT13;AT130;.;.;2;20;213;2011
AT1;AT13;AT130;.;.;2;21;228;2011
AT1;AT13;AT130;.;.;2;22;280;2011
AT1;AT13;AT130;.;.;2;23;351;2011
AT1;AT13;AT130;.;.;2;24;353;2011
AT1;AT13;AT130;.;.;2;25;428;2011
AT1;AT13;AT130;.;.;2;26;420;2011
AT1;AT13;AT130;.;.;2;27;491;2011
AT1;AT13;AT130;.;.;2;28;530;2011
AT1;AT13;AT130;.;.;2;29;564;2011
AT1;AT13;AT130;.;.;2;30;567;2011
AT1;AT13;AT130;.;.;2;31;576;2011
AT1;AT13;AT130;.;.;2;32;520;2011
AT1;AT13;AT130;.;.;2;33;520;2011
AT1;AT13;AT130;.;.;2;34;471;2011
AT1;AT13;AT130;.;.;2;35;421;2011
AT1;AT13;AT130;.;.;2;36;362;2011
AT1;AT13;AT130;.;.;2;37;318;2011
AT1;AT13;AT130;.;.;2;38;252;2011
AT1;AT13;AT130;.;.;2;39;206;2011
AT1;AT13;AT130;.;.;2;40;197;2011
AT1;AT13;AT130;.;.;2;41;86;2011
AT1;AT13;AT130;.;.;2;42;49;2011
AT1;AT13;AT130;.;.;2;43;42;2011
AT1;AT13;AT130;.;.;2;44;17;2011
AT1;AT13;AT130;.;.;2;45;7;2011
AT1;AT13;AT130;.;.;2;46;3;2011
AT1;AT13;AT130;.;.;2;47;4;2011
AT1;AT13;AT130;.;.;2;49;3;2011
AT1;AT13;AT130;.;.;2;51;1;2011
AT1;AT13;AT130;.;.;2;52;1;2011
AT1;AT13;AT130;.;.;2;55;1;2011
AT1;AT13;AT130;.;.;1;14;2;2011
AT1;AT13;AT130;.;.;1;15;8;2011
AT1;AT13;AT130;.;.;1;16;27;2011
AT1;AT13;AT130;.;.;1;17;57;2011
AT1;AT13;AT130;.;.;1;18;106;2011
AT1;AT13;AT130;.;.;1;19;167;2011
AT1;AT13;AT130;.;.;1;20;197;2011
AT1;AT13;AT130;.;.;1;21;283;2011
AT1;AT13;AT130;.;.;1;22;316;2011
AT1;AT13;AT130;.;.;1;23;333;2011
AT1;AT13;AT130;.;.;1;24;405;2011
AT1;AT13;AT130;.;.;1;25;456;2011
AT1;AT13;AT130;.;.;1;26;456;2011
AT1;AT13;AT130;.;.;1;27;490;2011
AT1;AT13;AT130;.;.;1;28;551;2011
AT1;AT13;AT130;.;.;1;29;585;2011
AT1;AT13;AT130;.;.;1;30;659;2011
AT1;AT13;AT130;.;.;1;31;536;2011
AT1;AT13;AT130;.;.;1;32;571;2011
AT1;AT13;AT130;.;.;1;33;527;2011
AT1;AT13;AT130;.;.;1;34;485;2011
AT1;AT13;AT130;.;.;1;35;500;2011
AT1;AT13;AT130;.;.;1;36;411;2011
AT1;AT13;AT130;.;.;1;37;331;2011
AT1;AT13;AT130;.;.;1;38;288;2011
AT1;AT13;AT130;.;.;1;39;218;2011
AT1;AT13;AT130;.;.;1;40;150;2011
AT1;AT13;AT130;.;.;1;41;96;2011
AT1;AT13;AT130;.;.;1;42;76;2011
AT1;AT13;AT130;.;.;1;43;47;2011
AT1;AT13;AT130;.;.;1;44;24;2011
AT1;AT13;AT130;.;.;1;45;11;2011
AT1;AT13;AT130;.;.;1;46;4;2011
AT1;AT13;AT130;.;.;1;47;5;2011
AT1;AT13;AT130;.;.;1;48;2;2011
AT1;AT13;AT130;.;.;1;50;1;2011
AT1;AT13;AT130;.;.;1;51;1;2011
AT1;AT13;AT130;.;.;2;15;5;2012
AT1;AT13;AT130;.;.;2;16;25;2012
AT1;AT13;AT130;.;.;2;17;48;2012
AT1;AT13;AT130;.;.;2;18;61;2012
AT1;AT13;AT130;.;.;2;19;138;2012
AT1;AT13;AT130;.;.;2;20;191;2012
AT1;AT13;AT130;.;.;2;21;190;2012
AT1;AT13;AT130;.;.;2;22;280;2012
AT1;AT13;AT130;.;.;2;23;314;2012
AT1;AT13;AT130;.;.;2;24;380;2012
AT1;AT13;AT130;.;.;2;25;379;2012
AT1;AT13;AT130;.;.;2;26;440;2012
AT1;AT13;AT130;.;.;2;27;437;2012
AT1;AT13;AT130;.;.;2;28;499;2012
AT1;AT13;AT130;.;.;2;29;556;2012
AT1;AT13;AT130;.;.;2;30;563;2012
AT1;AT13;AT130;.;.;2;31;621;2012
AT1;AT13;AT130;.;.;2;32;533;2012
AT1;AT13;AT130;.;.;2;33;494;2012
AT1;AT13;AT130;.;.;2;34;470;2012
AT1;AT13;AT130;.;.;2;35;449;2012
AT1;AT13;AT130;.;.;2;36;356;2012
AT1;AT13;AT130;.;.;2;37;357;2012
AT1;AT13;AT130;.;.;2;38;283;2012
AT1;AT13;AT130;.;.;2;39;196;2012
AT1;AT13;AT130;.;.;2;40;181;2012
AT1;AT13;AT130;.;.;2;41;106;2012
AT1;AT13;AT130;.;.;2;42;70;2012
AT1;AT13;AT130;.;.;2;43;34;2012
AT1;AT13;AT130;.;.;2;44;15;2012
AT1;AT13;AT130;.;.;2;45;8;2012
AT1;AT13;AT130;.;.;2;46;7;2012
AT1;AT13;AT130;.;.;2;47;2;2012
AT1;AT13;AT130;.;.;2;48;4;2012
AT1;AT13;AT130;.;.;2;49;1;2012
AT1;AT13;AT130;.;.;2;50;2;2012
AT1;AT13;AT130;.;.;2;51;3;2012
AT1;AT13;AT130;.;.;2;55;1;2012
AT1;AT13;AT130;.;.;1;14;1;2012
AT1;AT13;AT130;.;.;1;15;5;2012
AT1;AT13;AT130;.;.;1;16;24;2012
AT1;AT13;AT130;.;.;1;17;45;2012
AT1;AT13;AT130;.;.;1;18;82;2012
AT1;AT13;AT130;.;.;1;19;156;2012
AT1;AT13;AT130;.;.;1;20;181;2012
AT1;AT13;AT130;.;.;1;21;264;2012
AT1;AT13;AT130;.;.;1;22;310;2012
AT1;AT13;AT130;.;.;1;23;354;2012
AT1;AT13;AT130;.;.;1;24;427;2012
AT1;AT13;AT130;.;.;1;25;432;2012
AT1;AT13;AT130;.;.;1;26;455;2012
AT1;AT13;AT130;.;.;1;27;524;2012
AT1;AT13;AT130;.;.;1;28;571;2012
AT1;AT13;AT130;.;.;1;29;600;2012
AT1;AT13;AT130;.;.;1;30;628;2012
AT1;AT13;AT130;.;.;1;31;650;2012
AT1;AT13;AT130;.;.;1;32;599;2012
AT1;AT13;AT130;.;.;1;33;549;2012
AT1;AT13;AT130;.;.;1;34;511;2012
AT1;AT13;AT130;.;.;1;35;451;2012
AT1;AT13;AT130;.;.;1;36;444;2012
AT1;AT13;AT130;.;.;1;37;360;2012
AT1;AT13;AT130;.;.;1;38;273;2012
AT1;AT13;AT130;.;.;1;39;235;2012
AT1;AT13;AT130;.;.;1;40;154;2012
AT1;AT13;AT130;.;.;1;41;115;2012
AT1;AT13;AT130;.;.;1;42;70;2012
AT1;AT13;AT130;.;.;1;43;43;2012
AT1;AT13;AT130;.;.;1;44;24;2012
AT1;AT13;AT130;.;.;1;45;8;2012
AT1;AT13;AT130;.;.;1;46;8;2012
AT1;AT13;AT130;.;.;1;47;4;2012
AT1;AT13;AT130;.;.;1;48;3;2012
AT1;AT13;AT130;.;.;1;49;1;2012
AT1;AT13;AT130;.;.;1;50;2;2012
AT1;AT13;AT130;.;.;1;51;2;2012
AT1;AT13;AT130;.;.;1;55;1;2012
AT1;AT13;AT130;.;.;2;14;1;2013
AT1;AT13;AT130;.;.;2;15;11;2013
AT1;AT13;AT130;.;.;2;16;19;2013
AT1;AT13;AT130;.;.;2;17;34;2013
AT1;AT13;AT130;.;.;2;18;79;2013
AT1;AT13;AT130;.;.;2;19;127;2013
AT1;AT13;AT130;.;.;2;20;175;2013
AT1;AT13;AT130;.;.;2;21;252;2013
AT1;AT13;AT130;.;.;2;22;285;2013
AT1;AT13;AT130;.;.;2;23;307;2013
AT1;AT13;AT130;.;.;2;24;404;2013
AT1;AT13;AT130;.;.;2;25;370;2013
AT1;AT13;AT130;.;.;2;26;432;2013
AT1;AT13;AT130;.;.;2;27;437;2013
AT1;AT13;AT130;.;.;2;28;492;2013
AT1;AT13;AT130;.;.;2;29;523;2013
AT1;AT13;AT130;.;.;2;30;535;2013
AT1;AT13;AT130;.;.;2;31;610;2013
AT1;AT13;AT130;.;.;2;32;604;2013
AT1;AT13;AT130;.;.;2;33;490;2013
AT1;AT13;AT130;.;.;2;34;476;2013
AT1;AT13;AT130;.;.;2;35;468;2013
AT1;AT13;AT130;.;.;2;36;416;2013
AT1;AT13;AT130;.;.;2;37;330;2013
AT1;AT13;AT130;.;.;2;38;291;2013
AT1;AT13;AT130;.;.;2;39;225;2013
AT1;AT13;AT130;.;.;2;40;160;2013
AT1;AT13;AT130;.;.;2;41;99;2013
AT1;AT13;AT130;.;.;2;42;66;2013
AT1;AT13;AT130;.;.;2;43;55;2013
AT1;AT13;AT130;.;.;2;44;22;2013
AT1;AT13;AT130;.;.;2;45;12;2013
AT1;AT13;AT130;.;.;2;46;8;2013
AT1;AT13;AT130;.;.;2;47;5;2013
AT1;AT13;AT130;.;.;2;48;1;2013
AT1;AT13;AT130;.;.;2;49;2;2013
AT1;AT13;AT130;.;.;2;51;3;2013
AT1;AT13;AT130;.;.;1;14;1;2013
AT1;AT13;AT130;.;.;1;15;8;2013
AT1;AT13;AT130;.;.;1;16;25;2013
AT1;AT13;AT130;.;.;1;17;45;2013
AT1;AT13;AT130;.;.;1;18;96;2013
AT1;AT13;AT130;.;.;1;19;131;2013
AT1;AT13;AT130;.;.;1;20;175;2013
AT1;AT13;AT130;.;.;1;21;240;2013
AT1;AT13;AT130;.;.;1;22;342;2013
AT1;AT13;AT130;.;.;1;23;402;2013
AT1;AT13;AT130;.;.;1;24;403;2013
AT1;AT13;AT130;.;.;1;25;470;2013
AT1;AT13;AT130;.;.;1;26;515;2013
AT1;AT13;AT130;.;.;1;27;473;2013
AT1;AT13;AT130;.;.;1;28;550;2013
AT1;AT13;AT130;.;.;1;29;602;2013
AT1;AT13;AT130;.;.;1;30;650;2013
AT1;AT13;AT130;.;.;1;31;693;2013
AT1;AT13;AT130;.;.;1;32;637;2013
AT1;AT13;AT130;.;.;1;33;607;2013
AT1;AT13;AT130;.;.;1;34;539;2013
AT1;AT13;AT130;.;.;1;35;493;2013
AT1;AT13;AT130;.;.;1;36;422;2013
AT1;AT13;AT130;.;.;1;37;338;2013
AT1;AT13;AT130;.;.;1;38;303;2013
AT1;AT13;AT130;.;.;1;39;212;2013
AT1;AT13;AT130;.;.;1;40;178;2013
AT1;AT13;AT130;.;.;1;41;125;2013
AT1;AT13;AT130;.;.;1;42;93;2013
AT1;AT13;AT130;.;.;1;43;43;2013
AT1;AT13;AT130;.;.;1;44;24;2013
AT1;AT13;AT130;.;.;1;45;6;2013
AT1;AT13;AT130;.;.;1;46;12;2013
AT1;AT13;AT130;.;.;1;47;1;2013
AT1;AT13;AT130;.;.;1;48;3;2013
AT1;AT13;AT130;.;.;1;49;4;2013
AT1;AT13;AT130;.;.;1;50;1;2013
AT1;AT13;AT130;.;.;1;51;2;2013
AT1;AT13;AT130;.;.;1;54;1;2013
AT1;AT13;AT130;.;.;2;13;1;2014
AT1;AT13;AT130;.;.;2;14;4;2014
AT1;AT13;AT130;.;.;2;15;7;2014
AT1;AT13;AT130;.;.;2;16;15;2014
AT1;AT13;AT130;.;.;2;17;42;2014
AT1;AT13;AT130;.;.;2;18;61;2014
AT1;AT13;AT130;.;.;2;19;118;2014
AT1;AT13;AT130;.;.;2;20;191;2014
AT1;AT13;AT130;.;.;2;21;220;2014
AT1;AT13;AT130;.;.;2;22;273;2014
AT1;AT13;AT130;.;.;2;23;325;2014
AT1;AT13;AT130;.;.;2;24;404;2014
AT1;AT13;AT130;.;.;2;25;400;2014
AT1;AT13;AT130;.;.;2;26;473;2014
AT1;AT13;AT130;.;.;2;27;511;2014
AT1;AT13;AT130;.;.;2;28;537;2014
AT1;AT13;AT130;.;.;2;29;558;2014
AT1;AT13;AT130;.;.;2;30;605;2014
AT1;AT13;AT130;.;.;2;31;620;2014
AT1;AT13;AT130;.;.;2;32;605;2014
AT1;AT13;AT130;.;.;2;33;588;2014
AT1;AT13;AT130;.;.;2;34;525;2014
AT1;AT13;AT130;.;.;2;35;450;2014
AT1;AT13;AT130;.;.;2;36;420;2014
AT1;AT13;AT130;.;.;2;37;338;2014
AT1;AT13;AT130;.;.;2;38;265;2014
AT1;AT13;AT130;.;.;2;39;224;2014
AT1;AT13;AT130;.;.;2;40;193;2014
AT1;AT13;AT130;.;.;2;41;124;2014
AT1;AT13;AT130;.;.;2;42;76;2014
AT1;AT13;AT130;.;.;2;43;45;2014
AT1;AT13;AT130;.;.;2;44;19;2014
AT1;AT13;AT130;.;.;2;45;13;2014
AT1;AT13;AT130;.;.;2;46;4;2014
AT1;AT13;AT130;.;.;2;47;8;2014
AT1;AT13;AT130;.;.;2;49;2;2014
AT1;AT13;AT130;.;.;2;50;3;2014
AT1;AT13;AT130;.;.;1;15;7;2014
AT1;AT13;AT130;.;.;1;16;15;2014
AT1;AT13;AT130;.;.;1;17;47;2014
AT1;AT13;AT130;.;.;1;18;63;2014
AT1;AT13;AT130;.;.;1;19;122;2014
AT1;AT13;AT130;.;.;1;20;189;2014
AT1;AT13;AT130;.;.;1;21;262;2014
AT1;AT13;AT130;.;.;1;22;308;2014
AT1;AT13;AT130;.;.;1;23;361;2014
AT1;AT13;AT130;.;.;1;24;415;2014
AT1;AT13;AT130;.;.;1;25;464;2014
AT1;AT13;AT130;.;.;1;26;493;2014
AT1;AT13;AT130;.;.;1;27;557;2014
AT1;AT13;AT130;.;.;1;28;544;2014
AT1;AT13;AT130;.;.;1;29;618;2014
AT1;AT13;AT130;.;.;1;30;669;2014
AT1;AT13;AT130;.;.;1;31;661;2014
AT1;AT13;AT130;.;.;1;32;677;2014
AT1;AT13;AT130;.;.;1;33;668;2014
AT1;AT13;AT130;.;.;1;34;530;2014
AT1;AT13;AT130;.;.;1;35;541;2014
AT1;AT13;AT130;.;.;1;36;428;2014
AT1;AT13;AT130;.;.;1;37;348;2014
AT1;AT13;AT130;.;.;1;38;303;2014
AT1;AT13;AT130;.;.;1;39;241;2014
AT1;AT13;AT130;.;.;1;40;188;2014
AT1;AT13;AT130;.;.;1;41;117;2014
AT1;AT13;AT130;.;.;1;42;68;2014
AT1;AT13;AT130;.;.;1;43;33;2014
AT1;AT13;AT130;.;.;1;44;25;2014
AT1;AT13;AT130;.;.;1;45;10;2014
AT1;AT13;AT130;.;.;1;46;13;2014
AT1;AT13;AT130;.;.;1;47;6;2014
AT1;AT13;AT130;.;.;1;48;2;2014
AT1;AT13;AT130;.;.;2;13;1;2015
AT1;AT13;AT130;.;.;2;14;1;2015
AT1;AT13;AT130;.;.;2;15;3;2015
AT1;AT13;AT130;.;.;2;16;15;2015
AT1;AT13;AT130;.;.;2;17;33;2015
AT1;AT13;AT130;.;.;2;18;75;2015
AT1;AT13;AT130;.;.;2;19;106;2015
AT1;AT13;AT130;.;.;2;20;181;2015
AT1;AT13;AT130;.;.;2;21;197;2015
AT1;AT13;AT130;.;.;2;22;288;2015
AT1;AT13;AT130;.;.;2;23;340;2015
AT1;AT13;AT130;.;.;2;24;410;2015
AT1;AT13;AT130;.;.;2;25;408;2015
AT1;AT13;AT130;.;.;2;26;472;2015
AT1;AT13;AT130;.;.;2;27;522;2015
AT1;AT13;AT130;.;.;2;28;600;2015
AT1;AT13;AT130;.;.;2;29;550;2015
AT1;AT13;AT130;.;.;2;30;632;2015
AT1;AT13;AT130;.;.;2;31;673;2015
AT1;AT13;AT130;.;.;2;32;707;2015
AT1;AT13;AT130;.;.;2;33;583;2015
AT1;AT13;AT130;.;.;2;34;554;2015
AT1;AT13;AT130;.;.;2;35;485;2015
AT1;AT13;AT130;.;.;2;36;426;2015
AT1;AT13;AT130;.;.;2;37;371;2015
AT1;AT13;AT130;.;.;2;38;302;2015
AT1;AT13;AT130;.;.;2;39;225;2015
AT1;AT13;AT130;.;.;2;40;171;2015
AT1;AT13;AT130;.;.;2;41;132;2015
AT1;AT13;AT130;.;.;2;42;75;2015
AT1;AT13;AT130;.;.;2;43;47;2015
AT1;AT13;AT130;.;.;2;44;32;2015
AT1;AT13;AT130;.;.;2;45;19;2015
AT1;AT13;AT130;.;.;2;46;9;2015
AT1;AT13;AT130;.;.;2;47;5;2015
AT1;AT13;AT130;.;.;2;48;4;2015
AT1;AT13;AT130;.;.;2;49;1;2015
AT1;AT13;AT130;.;.;2;51;1;2015
AT1;AT13;AT130;.;.;1;12;1;2015
AT1;AT13;AT130;.;.;1;14;2;2015
AT1;AT13;AT130;.;.;1;15;8;2015
AT1;AT13;AT130;.;.;1;16;20;2015
AT1;AT13;AT130;.;.;1;17;34;2015
AT1;AT13;AT130;.;.;1;18;73;2015
AT1;AT13;AT130;.;.;1;19;145;2015
AT1;AT13;AT130;.;.;1;20;172;2015
AT1;AT13;AT130;.;.;1;21;248;2015
AT1;AT13;AT130;.;.;1;22;280;2015
AT1;AT13;AT130;.;.;1;23;353;2015
AT1;AT13;AT130;.;.;1;24;382;2015
AT1;AT13;AT130;.;.;1;25;433;2015
AT1;AT13;AT130;.;.;1;26;505;2015
AT1;AT13;AT130;.;.;1;27;586;2015
AT1;AT13;AT130;.;.;1;28;626;2015
AT1;AT13;AT130;.;.;1;29;622;2015
AT1;AT13;AT130;.;.;1;30;641;2015
AT1;AT13;AT130;.;.;1;31;698;2015
AT1;AT13;AT130;.;.;1;32;713;2015
AT1;AT13;AT130;.;.;1;33;690;2015
AT1;AT13;AT130;.;.;1;34;621;2015
AT1;AT13;AT130;.;.;1;35;523;2015
AT1;AT13;AT130;.;.;1;36;472;2015
AT1;AT13;AT130;.;.;1;37;396;2015
AT1;AT13;AT130;.;.;1;38;278;2015
AT1;AT13;AT130;.;.;1;39;242;2015
AT1;AT13;AT130;.;.;1;40;199;2015
AT1;AT13;AT130;.;.;1;41;123;2015
AT1;AT13;AT130;.;.;1;42;80;2015
AT1;AT13;AT130;.;.;1;43;39;2015
AT1;AT13;AT130;.;.;1;44;27;2015
AT1;AT13;AT130;.;.;1;45;18;2015
AT1;AT13;AT130;.;.;1;46;11;2015
AT1;AT13;AT130;.;.;1;47;6;2015
AT1;AT13;AT130;.;.;1;48;1;2015
AT1;AT13;AT130;.;.;1;49;2;2015
AT1;AT13;AT130;.;.;1;50;2;2015
AT1;AT13;AT130;.;.;1;52;1;2015
AT1;AT13;AT130;.;.;1;54;1;2015
AT1;AT13;AT130;.;.;1;56;1;2015
AT1;AT13;AT130;.;.;2;14;1;2016
AT1;AT13;AT130;.;.;2;15;5;2016
AT1;AT13;AT130;.;.;2;16;15;2016
AT1;AT13;AT130;.;.;2;17;28;2016
AT1;AT13;AT130;.;.;2;18;69;2016
AT1;AT13;AT130;.;.;2;19;116;2016
AT1;AT13;AT130;.;.;2;20;185;2016
AT1;AT13;AT130;.;.;2;21;199;2016
AT1;AT13;AT130;.;.;2;22;305;2016
AT1;AT13;AT130;.;.;2;23;368;2016
AT1;AT13;AT130;.;.;2;24;393;2016
AT1;AT13;AT130;.;.;2;25;438;2016
AT1;AT13;AT130;.;.;2;26;533;2016
AT1;AT13;AT130;.;.;2;27;545;2016
AT1;AT13;AT130;.;.;2;28;584;2016
AT1;AT13;AT130;.;.;2;29;630;2016
AT1;AT13;AT130;.;.;2;30;640;2016
AT1;AT13;AT130;.;.;2;31;652;2016
AT1;AT13;AT130;.;.;2;32;676;2016
AT1;AT13;AT130;.;.;2;33;682;2016
AT1;AT13;AT130;.;.;2;34;566;2016
AT1;AT13;AT130;.;.;2;35;577;2016
AT1;AT13;AT130;.;.;2;36;518;2016
AT1;AT13;AT130;.;.;2;37;375;2016
AT1;AT13;AT130;.;.;2;38;293;2016
AT1;AT13;AT130;.;.;2;39;250;2016
AT1;AT13;AT130;.;.;2;40;195;2016
AT1;AT13;AT130;.;.;2;41;129;2016
AT1;AT13;AT130;.;.;2;42;73;2016
AT1;AT13;AT130;.;.;2;43;65;2016
AT1;AT13;AT130;.;.;2;44;27;2016
AT1;AT13;AT130;.;.;2;45;18;2016
AT1;AT13;AT130;.;.;2;46;7;2016
AT1;AT13;AT130;.;.;2;47;3;2016
AT1;AT13;AT130;.;.;2;48;1;2016
AT1;AT13;AT130;.;.;2;49;1;2016
AT1;AT13;AT130;.;.;2;50;2;2016
AT1;AT13;AT130;.;.;2;51;1;2016
AT1;AT13;AT130;.;.;2;53;1;2016
AT1;AT13;AT130;.;.;1;15;6;2016
AT1;AT13;AT130;.;.;1;16;13;2016
AT1;AT13;AT130;.;.;1;17;42;2016
AT1;AT13;AT130;.;.;1;18;62;2016
AT1;AT13;AT130;.;.;1;19;120;2016
AT1;AT13;AT130;.;.;1;20;191;2016
AT1;AT13;AT130;.;.;1;21;238;2016
AT1;AT13;AT130;.;.;1;22;318;2016
AT1;AT13;AT130;.;.;1;23;363;2016
AT1;AT13;AT130;.;.;1;24;409;2016
AT1;AT13;AT130;.;.;1;25;465;2016
AT1;AT13;AT130;.;.;1;26;515;2016
AT1;AT13;AT130;.;.;1;27;582;2016
AT1;AT13;AT130;.;.;1;28;642;2016
AT1;AT13;AT130;.;.;1;29;613;2016
AT1;AT13;AT130;.;.;1;30;652;2016
AT1;AT13;AT130;.;.;1;31;714;2016
AT1;AT13;AT130;.;.;1;32;706;2016
AT1;AT13;AT130;.;.;1;33;672;2016
AT1;AT13;AT130;.;.;1;34;622;2016
AT1;AT13;AT130;.;.;1;35;655;2016
AT1;AT13;AT130;.;.;1;36;495;2016
AT1;AT13;AT130;.;.;1;37;435;2016
AT1;AT13;AT130;.;.;1;38;323;2016
AT1;AT13;AT130;.;.;1;39;253;2016
AT1;AT13;AT130;.;.;1;40;176;2016
AT1;AT13;AT130;.;.;1;41;141;2016
AT1;AT13;AT130;.;.;1;42;90;2016
AT1;AT13;AT130;.;.;1;43;49;2016
AT1;AT13;AT130;.;.;1;44;25;2016
AT1;AT13;AT130;.;.;1;45;20;2016
AT1;AT13;AT130;.;.;1;46;13;2016
AT1;AT13;AT130;.;.;1;47;9;2016
AT1;AT13;AT130;.;.;1;48;4;2016
AT1;AT13;AT130;.;.;1;49;1;2016
AT1;AT13;AT130;.;.;1;50;1;2016
AT1;AT13;AT130;.;.;1;52;2;2016
AT1;AT13;AT130;.;.;1;54;1;2016
AT1;AT13;AT130;.;.;2;14;2;2017
AT1;AT13;AT130;.;.;2;15;3;2017
AT1;AT13;AT130;.;.;2;16;12;2017
AT1;AT13;AT130;.;.;2;17;42;2017
AT1;AT13;AT130;.;.;2;18;72;2017
AT1;AT13;AT130;.;.;2;19;98;2017
AT1;AT13;AT130;.;.;2;20;174;2017
AT1;AT13;AT130;.;.;2;21;204;2017
AT1;AT13;AT130;.;.;2;22;291;2017
AT1;AT13;AT130;.;.;2;23;358;2017
AT1;AT13;AT130;.;.;2;24;423;2017
AT1;AT13;AT130;.;.;2;25;434;2017
AT1;AT13;AT130;.;.;2;26;497;2017
AT1;AT13;AT130;.;.;2;27;529;2017
AT1;AT13;AT130;.;.;2;28;568;2017
AT1;AT13;AT130;.;.;2;29;603;2017
AT1;AT13;AT130;.;.;2;30;571;2017
AT1;AT13;AT130;.;.;2;31;656;2017
AT1;AT13;AT130;.;.;2;32;612;2017
AT1;AT13;AT130;.;.;2;33;662;2017
AT1;AT13;AT130;.;.;2;34;602;2017
AT1;AT13;AT130;.;.;2;35;552;2017
AT1;AT13;AT130;.;.;2;36;492;2017
AT1;AT13;AT130;.;.;2;37;395;2017
AT1;AT13;AT130;.;.;2;38;336;2017
AT1;AT13;AT130;.;.;2;39;287;2017
AT1;AT13;AT130;.;.;2;40;192;2017
AT1;AT13;AT130;.;.;2;41;124;2017
AT1;AT13;AT130;.;.;2;42;87;2017
AT1;AT13;AT130;.;.;2;43;45;2017
AT1;AT13;AT130;.;.;2;44;27;2017
AT1;AT13;AT130;.;.;2;45;10;2017
AT1;AT13;AT130;.;.;2;46;8;2017
AT1;AT13;AT130;.;.;2;47;4;2017
AT1;AT13;AT130;.;.;2;48;3;2017
AT1;AT13;AT130;.;.;2;49;4;2017
AT1;AT13;AT130;.;.;2;50;1;2017
AT1;AT13;AT130;.;.;2;51;1;2017
AT1;AT13;AT130;.;.;2;53;1;2017
AT1;AT13;AT130;.;.;2;55;1;2017
AT1;AT13;AT130;.;.;1;14;1;2017
AT1;AT13;AT130;.;.;1;15;3;2017
AT1;AT13;AT130;.;.;1;16;14;2017
AT1;AT13;AT130;.;.;1;17;26;2017
AT1;AT13;AT130;.;.;1;18;77;2017
AT1;AT13;AT130;.;.;1;19;133;2017
AT1;AT13;AT130;.;.;1;20;167;2017
AT1;AT13;AT130;.;.;1;21;226;2017
AT1;AT13;AT130;.;.;1;22;254;2017
AT1;AT13;AT130;.;.;1;23;331;2017
AT1;AT13;AT130;.;.;1;24;385;2017
AT1;AT13;AT130;.;.;1;25;455;2017
AT1;AT13;AT130;.;.;1;26;503;2017
AT1;AT13;AT130;.;.;1;27;576;2017
AT1;AT13;AT130;.;.;1;28;635;2017
AT1;AT13;AT130;.;.;1;29;650;2017
AT1;AT13;AT130;.;.;1;30;683;2017
AT1;AT13;AT130;.;.;1;31;676;2017
AT1;AT13;AT130;.;.;1;32;722;2017
AT1;AT13;AT130;.;.;1;33;693;2017
AT1;AT13;AT130;.;.;1;34;707;2017
AT1;AT13;AT130;.;.;1;35;611;2017
AT1;AT13;AT130;.;.;1;36;541;2017
AT1;AT13;AT130;.;.;1;37;397;2017
AT1;AT13;AT130;.;.;1;38;334;2017
AT1;AT13;AT130;.;.;1;39;273;2017
AT1;AT13;AT130;.;.;1;40;200;2017
AT1;AT13;AT130;.;.;1;41;130;2017
AT1;AT13;AT130;.;.;1;42;83;2017
AT1;AT13;AT130;.;.;1;43;46;2017
AT1;AT13;AT130;.;.;1;44;20;2017
AT1;AT13;AT130;.;.;1;45;14;2017
AT1;AT13;AT130;.;.;1;46;9;2017
AT1;AT13;AT130;.;.;1;47;5;2017
AT1;AT13;AT130;.;.;1;48;3;2017
AT1;AT13;AT130;.;.;1;49;4;2017
AT1;AT13;AT130;.;.;1;50;3;2017
AT1;AT13;AT130;.;.;1;51;2;2017
AT1;AT13;AT130;.;.;1;53;1;2017
